Domain,Status,Attractiveness,Demand,Length,Sectors,Created,Expires,Registrar
complete.wtf,available,120,21%,8,"Manufacturing,Retail,Technology",,,
second.wtf,available,120,23%,6,"General,Mathematics",,,
wizard.wtf,resell,118,42%,6,"Entertainment,Media,Technology",10/04/2025 15:15,10/04/2026 15:15,"Sav.com, LLC - 43"
tenth.wtf,available,116,7%,5,Mathematics,,,
equal.wtf,resell,116,19%,5,"Education,General,Law",01/07/2025 07:27,01/07/2026 07:27,"Sav.com, LLC"
acute.wtf,available,112,9%,5,"Mathematics,Medicine,Science",,,
above.wtf,available,112,22%,5,Business,,,
abiding.wtf,available,106,5%,7,"General,Religion",,,
expert.wtf,available,104,26%,6,"Business,Education,Technology",,,
active.wtf,expired,104,27%,6,"Health and Fitness,Sports,Travel",21/06/2024 17:00,21/06/2025 17:00,"Sav.com, LLC - 18"
absent.wtf,available,102,8%,6,"Business,Education,Technology",,,
eight.wtf,resell,102,23%,5,"General,Mathematics",13/04/2021 13:20,13/04/2026 13:20,Porkbun LLC
captive.wtf,available,102,14%,7,"Entertainment,Hospitality,Technology",,,
sixth.wtf,available,100,8%,5,Mathematics,,,
ninth.wtf,available,100,9%,5,Mathematics,,,
remove.wtf,resell,100,13%,6,"Construction,Manufacturing,Technology",11/07/2024 18:47,11/07/2026 18:47,"NameCheap, Inc."
third.wtf,available,100,16%,5,Mathematics,,,
adjunct.wtf,available,100,5%,7,Education,,,
whiz.wtf,expired,100,12%,4,"Business,Education,Technology",17/06/2024 14:05,17/06/2025 14:05,united-domains GmbH
crack.wtf,expired,100,20%,5,Sports,12/06/2015 22:54,12/06/2025 22:54,Tucows Domains Inc.
eighth.wtf,available,100,6%,6,Mathematics,,,
whizz.wtf,available,98,11%,5,"Business,Education,Technology",,,
doable.wtf,available,96,9%,6,"Business,Education,Technology",,,
academic.wtf,available,96,20%,8,"Education,Humanities,Science",,,
forgiving.wtf,available,96,3%,9,"Healthcare,Religion",,,
virtuoso.wtf,available,94,16%,8,"Arts,Entertainment",,,
about.wtf,resell,94,28%,5,"Business,General,Media,Technology",23/04/2025 15:15,23/04/2026 15:15,"Sav.com, LLC - 35"
adequate.wtf,available,94,9%,8,"Education,Healthcare,Technology",,,
abject.wtf,available,94,7%,6,Humanities,,,
twentieth.wtf,available,92,3%,9,Mathematics,,,
nought.wtf,available,92,4%,6,Mathematics,,,
derelict.wtf,available,92,7%,8,"Construction,Real Estate",,,
abroad.wtf,available,92,12%,6,"Hospitality,Travel",,,
exemplary.wtf,available,92,5%,9,"Business,Education,Healthcare",,,
adjective.wtf,available,92,5%,9,Education,,,
neutral.wtf,available,92,20%,7,"Business,Media,Politics",,,
additional.wtf,available,90,8%,10,"Fashion,Retail,Technology",,,
gripping.wtf,available,90,3%,8,"Entertainment,Media,Technology",,,
riveting.wtf,available,90,6%,8,"Entertainment,Media,Technology",,,
adoring.wtf,available,90,2%,7,"Entertainment,Fashion,Retail",,,
addictive.wtf,available,90,9%,9,Healthcare,,,
endearing.wtf,available,90,1%,9,"Entertainment,Fashion,Retail",,,
clear.wtf,resell,90,47%,5,"Manufacturing,Retail,Technology",05/10/2024 17:00,05/10/2025 17:00,"Sav.com, LLC - 42"
leash.wtf,available,90,7%,5,"General,Health and Fitness,Retail",,,
abortive.wtf,available,90,1%,8,"Medicine,Science",,,
hundred.wtf,available,88,14%,7,Mathematics,,,
fifteen.wtf,available,88,13%,7,Mathematics,,,
adlib.wtf,available,88,7%,6,Entertainment,,,
ten.wtf,available,88,28%,3,"General,Mathematics",,,
wide.wtf,available,88,18%,4,"Business,Media,Technology",,,
eleven.wtf,available,88,33%,6,Mathematics,,,
actionable.wtf,available,88,13%,10,"Business,Law",,,
proficient.wtf,available,88,8%,10,"Education,Health and Fitness,Sports",,,
activist.wtf,available,88,12%,8,"Humanities,Politics",,,
adolescent.wtf,available,86,3%,10,"Education,Entertainment,Healthcare",,,
aboriginal.wtf,available,86,10%,10,Humanities,,,
cipher.wtf,resell,86,29%,6,Mathematics,29/12/2024 17:13,29/12/2025 17:13,"Sav.com, LLC"
xix.wtf,available,86,11%,3,Mathematics,,,
engrossing.wtf,available,86,0%,10,"Entertainment,Media,Technology",,,
extempore.wtf,available,86,3%,9,Entertainment,,,
recondite.wtf,available,86,4%,9,"Arts,Humanities,Science",,,
intent.wtf,available,86,25%,6,"Business,Education,Technology",,,
attendant.wtf,available,86,5%,9,"Healthcare,Hospitality,Transportation",,,
star.wtf,available,86,40%,4,"Entertainment,Media,Sports",,,
twentyone.wtf,available,84,13%,10,Mathematics,,,
accessory.wtf,available,84,8%,9,"Fashion,Retail,Technology",,,
grand.wtf,expired,84,25%,5,"Finance,General",15/06/2024 17:00,15/06/2025 17:00,"Sav.com, LLC - 34"
thousand.wtf,available,84,8%,8,Mathematics,,,
seventeen.wtf,available,84,7%,9,Mathematics,,,
sharp.wtf,expired,84,34%,5,"Arts,Fashion",05/06/2024 17:00,05/06/2025 17:00,"Sav.com, LLC - 15"
thirteen.wtf,available,84,10%,8,Mathematics,,,
deviate.wtf,available,84,12%,7,"Medicine,Science",,,
nineteen.wtf,available,84,8%,8,Mathematics,,,
adjustable.wtf,available,84,3%,10,"Manufacturing,Retail,Technology",,,
acting.wtf,available,84,12%,6,Entertainment,,,
twentytwo.wtf,available,84,11%,10,Mathematics,,,
impromptu.wtf,available,82,16%,9,Entertainment,,,
dozen.wtf,available,82,10%,5,Mathematics,,,
abdominal.wtf,available,82,1%,9,"Health and Fitness,Medicine",,,
good.wtf,resell,82,47%,4,"Food and Beverage,General,Health and Fitness,Retail",07/08/2019 18:59,07/08/2026 18:59,"Sav.com, LLC"
abenaki.wtf,available,82,2%,7,Geography,,,
fivesome.wtf,available,82,1%,8,Sports,,,
abkhaz.wtf,available,82,1%,6,Geography,,,
altered.wtf,available,82,9%,7,"Medicine,Science",,,
cleansing.wtf,available,82,3%,9,Health and Fitness,,,
enduring.wtf,available,82,9%,8,"Health and Fitness,Religion",,,
abroach.wtf,available,82,1%,7,Food and Beverage,,,
absorbent.wtf,available,82,3%,9,"Healthcare,Manufacturing,Retail",,,
decade.wtf,available,82,10%,6,Mathematics,,,
twenty.wtf,available,80,12%,6,Mathematics,,,
superstar.wtf,available,80,18%,9,Entertainment,,,
wiz.wtf,resell,80,30%,3,"Business,Education,Technology",16/02/2025 17:08,16/02/2026 17:08,"Sav.com, LLC"
trio.wtf,resell,80,21%,4,Entertainment,31/07/2024 21:02,31/07/2026 21:02,"NameCheap, Inc."
worshipful.wtf,available,80,1%,10,"Education,Healthcare,Religion",,,
able.wtf,expiring,80,29%,4,"Business,Education,General,Technology",10/09/2015 17:00,10/09/2025 17:00,Tucows Domains Inc.
adoptable.wtf,available,80,3%,9,"Education,Healthcare",,,
abundant.wtf,available,80,19%,8,"Agriculture,Manufacturing,Retail",,,
forty.wtf,available,80,9%,5,Mathematics,,,
sequent.wtf,available,80,7%,7,"Healthcare,Insurance,Transportation",,,
seventh.wtf,available,80,10%,7,Mathematics,,,
yard.wtf,available,80,26%,4,"Construction,General",,,
absorbable.wtf,available,80,0%,10,"Healthcare,Pharmaceuticals,Science",,,
dorsal.wtf,available,80,6%,6,"Medicine,Science",,,
abkhazian.wtf,available,78,1%,9,Geography,,,
abounding.wtf,available,78,2%,9,Agriculture,,,
accurate.wtf,available,78,16%,8,"Engineering,Mathematics,Science",,,
acceptant.wtf,available,78,1%,9,"Education,Healthcare",,,
recognised.wtf,available,78,3%,10,"Business,Education,Technology",,,
adrenal.wtf,available,78,4%,7,"Education,Healthcare,Science",,,
twentysix.wtf,available,78,8%,10,Mathematics,,,
dormant.wtf,available,78,4%,7,"Medicine,Science",,,
recognized.wtf,available,78,3%,10,"Business,Education,Technology",,,
acceptable.wtf,available,78,5%,10,"Business,Hospitality,Retail",,,
abkhasian.wtf,available,78,1%,9,Geography,,,
accidental.wtf,available,78,11%,10,"Healthcare,Insurance,Transportation",,,
adorable.wtf,available,78,8%,8,"Entertainment,Fashion,Retail",,,
accepted.wtf,available,78,6%,8,"Business,Education,Technology",,,
sixtynine.wtf,available,78,8%,10,Mathematics,,,
absorptive.wtf,available,78,1%,10,"Healthcare,Manufacturing,Retail",,,
accessible.wtf,available,78,21%,10,"Healthcare,Retail,Technology",,,
athletic.wtf,available,78,15%,8,"Health and Fitness,Sports",,,
adjacent.wtf,available,78,9%,8,"Construction,Real Estate,Retail",,,
addable.wtf,available,76,2%,7,"Engineering,Mathematics,Science",,,
adaptive.wtf,available,76,28%,8,"Business,Education,Technology",,,
ague.wtf,available,76,2%,4,"Geography,Medicine,Science",,,
energizing.wtf,available,76,3%,10,"Food and Beverage,Health and Fitness,Travel",,,
fifteenth.wtf,available,76,2%,9,Mathematics,,,
adherent.wtf,available,76,4%,8,"Politics,Religion",,,
adipose.wtf,available,76,2%,7,"Healthcare,Science",,,
ventral.wtf,available,76,3%,7,Science,,,
abrasive.wtf,available,76,6%,8,"Construction,Manufacturing",,,
adaptable.wtf,available,76,9%,9,"Business,Education,Technology",,,
nineteenth.wtf,available,76,3%,10,Mathematics,,,
improvise.wtf,available,76,4%,9,Entertainment,,,
acoustic.wtf,available,76,14%,8,Science,,,
fourteenth.wtf,available,76,1%,10,Mathematics,,,
resultant.wtf,available,76,2%,9,"Healthcare,Insurance,Transportation",,,
hundredth.wtf,available,76,1%,9,Mathematics,,,
thirteenth.wtf,available,76,4%,10,Mathematics,,,
ancillary.wtf,available,76,6%,9,"Healthcare,Manufacturing,Technology",,,
incidental.wtf,available,76,4%,10,"Healthcare,Insurance,Transportation",,,
obscene.wtf,available,76,5%,7,"Entertainment,Media",,,
eighteen.wtf,available,76,7%,8,Mathematics,,,
firstrate.wtf,available,76,6%,10,Business,,,
auxiliary.wtf,available,76,7%,9,"Healthcare,Manufacturing,Technology",,,
thousandth.wtf,available,76,1%,10,Mathematics,,,
threed.wtf,available,76,7%,7,Technology,,,
manageable.wtf,available,74,4%,10,"Business,Education,Technology",,,
acuate.wtf,available,74,2%,6,"Engineering,Medicine,Science",,,
cleared.wtf,available,74,7%,7,"Healthcare,Law,Transportation",,,
admirable.wtf,available,74,5%,9,"Business,Education,Healthcare",,,
broad.wtf,available,74,13%,5,"Entertainment,General,Media",,,
playing.wtf,available,74,12%,7,Entertainment,,,
realizable.wtf,available,74,1%,10,"Business,Education,Technology",,,
abnormal.wtf,available,74,16%,8,"Medicine,Science",,,
adrenergic.wtf,available,74,1%,10,"Education,Healthcare,Science",,,
skilful.wtf,available,74,3%,7,"Education,Health and Fitness,Sports",,,
aberrant.wtf,available,74,6%,8,"Medicine,Science",,,
achievable.wtf,available,74,4%,10,"Business,Education,Technology",,,
sensation.wtf,available,74,7%,9,"Entertainment,Media,Sports",,,
mavin.wtf,available,74,7%,5,"Entertainment,Fashion,Technology",,,
adapted.wtf,available,74,6%,7,"Healthcare,Manufacturing,Technology",,,
adenoid.wtf,available,74,1%,7,"Health and Fitness,Medicine,Science",,,
adamant.wtf,available,74,14%,7,Religion,,,
activated.wtf,available,74,9%,9,"Healthcare,Manufacturing,Technology",,,
accepting.wtf,available,74,3%,9,"Education,Healthcare",,,
accusative.wtf,available,72,0%,10,"Humanities,Law",,,
ablaze.wtf,available,72,6%,6,Entertainment,,,
sixtieth.wtf,available,72,1%,8,Mathematics,,,
absolutist.wtf,available,72,1%,10,"Humanities,Law,Politics",,,
adjectival.wtf,available,72,1%,10,Education,,,
engrossed.wtf,available,72,1%,9,"Entertainment,Media,Technology",,,
abloom.wtf,available,72,5%,6,Agriculture,,,
improvize.wtf,available,72,1%,9,Entertainment,,,
trinity.wtf,available,72,18%,7,Religion,,,
adiabatic.wtf,available,72,3%,9,"Engineering,Science",,,
ninetieth.wtf,available,72,1%,9,Mathematics,,,
adjunctive.wtf,available,72,1%,10,"Healthcare,Manufacturing,Technology",,,
ternary.wtf,available,72,7%,7,Mathematics,,,
seventieth.wtf,available,72,1%,10,Mathematics,,,
adaptative.wtf,available,72,1%,10,"Business,Education,Technology",,,
eightieth.wtf,available,72,1%,9,Mathematics,,,
accustomed.wtf,available,72,1%,10,"Business,Education,Humanities",,,
adonic.wtf,available,72,2%,6,"Arts,Education,Entertainment",,,
aching.wtf,available,72,4%,6,Healthcare,,,
existent.wtf,available,72,3%,8,"Mathematics,Science",,,
abreast.wtf,available,72,2%,7,"Business,Technology",,,
absorbed.wtf,available,72,2%,8,"Entertainment,Media,Technology",,,
stillborn.wtf,available,70,2%,9,"Medicine,Science",,,
lowdown.wtf,available,70,6%,8,"Entertainment,Media",,,
abradant.wtf,available,70,1%,8,"Construction,Manufacturing",,,
adored.wtf,available,70,6%,6,"Entertainment,Fashion,Retail",,,
offhand.wtf,available,70,2%,7,Entertainment,,,
acuminate.wtf,available,70,1%,9,"Engineering,Medicine,Science",,,
admired.wtf,available,70,5%,7,"Business,Education,Healthcare",,,
practiced.wtf,available,70,3%,9,"Education,Health and Fitness,Sports",,,
gymnastic.wtf,available,70,3%,9,"Entertainment,Sports",,,
adamantine.wtf,available,70,4%,10,Religion,,,
recumbent.wtf,available,70,2%,9,"Healthcare,Medicine,Science",,,
absorbing.wtf,available,70,3%,9,"Entertainment,Media,Technology",,,
abulic.wtf,available,70,1%,6,Medicine,,,
skillful.wtf,available,70,9%,8,"Education,Health and Fitness,Sports",,,
miserable.wtf,available,70,4%,9,Humanities,,,
accumbent.wtf,available,70,1%,9,"Healthcare,Medicine,Science",,,
adjusted.wtf,available,70,5%,8,"Manufacturing,Retail,Technology",,,
consequent.wtf,available,70,3%,10,"Business,Education,General,Technology",,,
accredited.wtf,available,68,9%,10,"Business,Education,Healthcare",,,
decorated.wtf,available,68,3%,9,"Entertainment,Fashion,Retail",,,
disciple.wtf,available,68,14%,8,"Education,Religion",,,
sevener.wtf,available,68,1%,7,Mathematics,,,
septenary.wtf,available,68,1%,9,Mathematics,,,
abnaki.wtf,available,68,1%,6,Geography,,,
thirtieth.wtf,available,68,1%,9,Mathematics,,,
vindicated.wtf,available,68,2%,10,"Humanities,Law,Politics",,,
foursome.wtf,available,68,4%,8,Sports,,,
abkhas.wtf,available,68,0%,6,Geography,,,
acerate.wtf,available,68,1%,7,Science,,,
scurvy.wtf,available,68,3%,6,Humanities,,,
ennead.wtf,available,68,5%,6,Mathematics,,,
achaian.wtf,available,68,2%,7,Humanities,,,
fiftieth.wtf,available,68,0%,8,Mathematics,,,
overseas.wtf,available,68,12%,8,"Hospitality,Travel",,,
aberdonian.wtf,available,68,1%,10,Geography,,,
aroused.wtf,available,68,3%,7,"Entertainment,Health and Fitness",,,
ablative.wtf,available,68,3%,8,Science,,,
octonary.wtf,available,68,1%,8,Mathematics,,,
licenced.wtf,available,68,2%,8,"Business,Healthcare,Insurance",,,
stygian.wtf,available,68,5%,7,Humanities,,,
fortieth.wtf,available,68,0%,8,Mathematics,,,
achaean.wtf,available,68,2%,7,Humanities,,,
activating.wtf,available,68,3%,10,"Healthcare,Manufacturing,Technology",,,
aculeate.wtf,available,68,1%,8,"Engineering,Medicine,Science",,,
abducent.wtf,available,68,0%,8,Medicine,,,
licensed.wtf,available,68,5%,8,"Business,Healthcare,Insurance",,,
sextet.wtf,available,66,1%,6,Entertainment,,,
abstinent.wtf,available,66,1%,9,"Health and Fitness,Religion",,,
adorned.wtf,available,66,5%,7,"Entertainment,Fashion,Retail",,,
modish.wtf,available,66,5%,6,Fashion,,,
five.wtf,resell,66,26%,4,Mathematics,04/03/2025 15:16,04/03/2026 15:16,"Sav.com, LLC - 36"
tenner.wtf,available,66,5%,6,Finance,,,
xviii.wtf,available,66,5%,5,Mathematics,,,
xxv.wtf,available,66,6%,3,Mathematics,,,
xvi.wtf,available,66,5%,3,Mathematics,,,
clv.wtf,available,66,10%,3,Mathematics,,,
teenager.wtf,available,66,4%,8,"Education,Entertainment,Healthcare",,,
xvii.wtf,available,66,5%,4,Mathematics,,,
thirty.wtf,available,66,8%,6,Mathematics,,,
buzzing.wtf,available,66,7%,7,"Entertainment,Media,Technology",,,
according.wtf,available,66,3%,9,"Business,Education,Technology",,,
adopted.wtf,available,66,4%,7,"Education,Healthcare",,,
performing.wtf,available,66,6%,10,Entertainment,,,
xxii.wtf,available,66,6%,4,Mathematics,,,
exonerated.wtf,available,66,2%,10,"Humanities,Law,Politics",,,
onec.wtf,available,66,6%,5,Mathematics,,,
accessary.wtf,available,66,1%,9,"Business,Law,Technology",,,
ninety.wtf,available,66,11%,6,Mathematics,,,
xii.wtf,available,66,10%,3,Mathematics,,,
xxvi.wtf,available,66,3%,4,Mathematics,,,
fifty.wtf,expired,66,12%,5,Mathematics,01/07/2024 16:34,01/07/2025 16:34,Squarespace Domains LLC
deuce.wtf,available,66,9%,5,Sports,,,
xxi.wtf,available,66,10%,3,Mathematics,,,
eighty.wtf,available,66,6%,6,Mathematics,,,
century.wtf,available,66,17%,7,Education,,,
acappella.wtf,available,66,6%,10,Entertainment,,,
acervate.wtf,available,66,1%,8,Science,,,
acrobatic.wtf,available,66,4%,9,"Entertainment,Sports",,,
xiii.wtf,available,66,9%,4,Mathematics,,,
acentric.wtf,available,64,2%,8,Science,,,
deviant.wtf,available,64,12%,7,"Medicine,Science",,,
scatty.wtf,available,64,1%,6,"Arts,Entertainment,Media",,,
astringent.wtf,available,64,1%,10,"Healthcare,Pharmaceuticals",,,
accordant.wtf,available,64,3%,9,"Arts,Entertainment",,,
nondrinker.wtf,available,64,1%,10,"Health and Fitness,Religion",,,
aflame.wtf,available,64,3%,6,Entertainment,,,
adagio.wtf,available,64,14%,6,Entertainment,,,
absolved.wtf,available,64,1%,8,"Humanities,Law,Religion",,,
rising.wtf,available,64,18%,6,"Construction,Manufacturing,Real Estate",,,
nail.wtf,available,62,16%,4,"Construction,Fashion,General,Retail",,,
aborigine.wtf,available,62,1%,9,Humanities,,,
activation.wtf,available,62,16%,10,"Healthcare,Manufacturing,Technology",,,
eighteenth.wtf,available,62,1%,10,Mathematics,,,
ensuant.wtf,available,62,1%,7,"Healthcare,Insurance,Transportation",,,
quartet.wtf,available,62,7%,7,"Arts,Entertainment",,,
adoptive.wtf,available,62,1%,8,"Education,Healthcare",,,
chiliad.wtf,available,62,2%,7,Mathematics,,,
fortyfour.wtf,available,62,6%,10,Mathematics,,,
longdozen.wtf,available,62,2%,10,Mathematics,,,
twodozen.wtf,available,62,1%,9,Mathematics,,,
roughly.wtf,available,62,3%,7,"Business,Media,Technology",,,
pungent.wtf,available,62,1%,7,Food and Beverage,,,
abo.wtf,available,62,15%,3,Science,,,
activistic.wtf,available,62,1%,10,"Humanities,Politics",,,
troika.wtf,available,62,8%,6,Politics,,,
orso.wtf,available,62,9%,5,"Business,Media,Technology",,,
eleventh.wtf,available,62,5%,8,Mathematics,,,
playacting.wtf,available,62,1%,10,Entertainment,,,
sixteenth.wtf,available,62,1%,9,Mathematics,,,
cumulative.wtf,available,62,2%,10,"Banking,Finance,Insurance",,,
accrued.wtf,available,62,2%,7,"Banking,Finance,Insurance",,,
acidic.wtf,available,62,5%,6,"Food and Beverage,Science",,,
adjuvant.wtf,available,62,5%,8,"Healthcare,Manufacturing,Technology",,,
aufait.wtf,available,62,3%,7,"Fashion,Media",,,
accusing.wtf,available,62,1%,8,Law,,,
exculpated.wtf,available,62,1%,10,"Humanities,Law,Politics",,,
admissible.wtf,available,62,1%,10,"Education,Healthcare,Law",,,
wrapped.wtf,available,62,13%,7,"Fashion,Hospitality,Retail",,,
adnate.wtf,available,60,1%,6,"Agriculture,Manufacturing,Retail",,,
idolised.wtf,available,60,1%,8,"Entertainment,Fashion,Retail",,,
acceptive.wtf,available,60,1%,9,"Education,Healthcare",,,
cxl.wtf,available,60,7%,3,Mathematics,,,
paunchy.wtf,available,60,0%,7,"Health and Fitness,Medicine",,,
clxxx.wtf,available,60,1%,5,Mathematics,,,
thou.wtf,available,60,7%,4,Mathematics,,,
cxlv.wtf,available,60,2%,4,Mathematics,,,
cautionary.wtf,available,60,1%,10,"Business,Education,Healthcare",,,
clxxv.wtf,available,60,1%,5,Mathematics,,,
abstemious.wtf,available,60,0%,10,"Food and Beverage,Health and Fitness,Hospitality",,,
sixty.wtf,available,60,13%,5,Mathematics,,,
abashed.wtf,available,60,1%,7,Humanities,,,
cxxv.wtf,available,60,1%,4,Mathematics,,,
cxxx.wtf,available,60,4%,4,Mathematics,,,
clx.wtf,available,60,10%,3,Mathematics,,,
clxv.wtf,available,60,1%,4,Mathematics,,,
adnexal.wtf,available,60,1%,7,"Agriculture,Manufacturing,Retail",,,
cxx.wtf,available,60,10%,3,Mathematics,,,
eightysix.wtf,available,60,7%,10,Mathematics,,,
annexal.wtf,available,60,1%,7,"Agriculture,Manufacturing,Retail",,,
clxx.wtf,available,60,3%,4,Mathematics,,,
abstainer.wtf,available,60,0%,9,"Health and Fitness,Religion",,,
octet.wtf,available,60,12%,5,Arts,,,
cxxxv.wtf,available,60,2%,5,Mathematics,,,
aboveboard.wtf,available,60,5%,10,"Business,Law",,,
idolized.wtf,available,60,3%,8,"Entertainment,Fashion,Retail",,,
tertiary.wtf,available,60,4%,8,Education,,,
cxv.wtf,available,60,4%,3,Mathematics,,,
xcl.wtf,available,60,5%,3,Mathematics,,,
tercet.wtf,available,59,2%,6,"Arts,Entertainment,Media",,,
eighter.wtf,available,58,2%,7,Mathematics,,,
addressed.wtf,available,58,3%,9,"Business,Technology,Telecommunications",,,
abridged.wtf,available,58,4%,8,Media,,,
abuzz.wtf,available,58,5%,5,"Entertainment,Media,Technology",,,
twelfth.wtf,available,58,2%,7,Mathematics,,,
fifth.wtf,available,58,12%,5,Mathematics,,,
sixer.wtf,available,58,5%,5,Sports,,,
lxxx.wtf,available,58,2%,4,Mathematics,,,
sixtyone.wtf,available,58,3%,9,Mathematics,,,
enwrapped.wtf,available,58,0%,9,"Entertainment,Fashion,Media",,,
ache.wtf,available,58,7%,4,Healthcare,,,
alacarte.wtf,available,58,11%,10,Food and Beverage,,,
actuarial.wtf,available,58,8%,9,"Finance,Insurance,Mathematics",,,
fourth.wtf,available,58,13%,6,Mathematics,,,
niner.wtf,available,58,5%,5,Mathematics,,,
addible.wtf,available,58,2%,7,"Engineering,Mathematics,Science",,,
tetrad.wtf,available,58,5%,6,Mathematics,,,
closeto.wtf,available,58,3%,8,"Business,Media,Technology",,,
lxxviii.wtf,available,58,1%,7,Mathematics,,,
justabout.wtf,available,58,3%,10,"Business,Media,Technology",,,
offhanded.wtf,available,58,1%,9,Entertainment,,,
octad.wtf,available,58,5%,5,Mathematics,,,
acyclic.wtf,available,58,4%,7,"Engineering,Mathematics,Science",,,
acetic.wtf,available,58,1%,6,"Food and Beverage,Science",,,
aucourant.wtf,available,58,3%,10,"Fashion,Media",,,
adient.wtf,available,58,4%,6,"Medicine,Science",,,
centesimal.wtf,available,58,1%,10,Mathematics,,,
abandoned.wtf,available,58,10%,9,"Construction,Real Estate",,,
sextuplet.wtf,available,58,1%,9,Healthcare,,,
accoutred.wtf,available,58,1%,9,"Fashion,Manufacturing,Retail",,,
quintet.wtf,available,58,8%,7,"Arts,Entertainment",,,
accented.wtf,available,58,3%,8,"Arts,Entertainment",,,
hexad.wtf,available,58,4%,5,Mathematics,,,
accretive.wtf,available,58,6%,9,"Banking,Finance,Insurance",,,
fourscore.wtf,available,58,4%,9,Mathematics,,,
seven.wtf,resell,58,36%,5,Mathematics,25/07/2024 15:15,25/07/2026 15:15,"Sav.com, LLC - 32"
pentad.wtf,available,58,2%,6,Mathematics,,,
seventy.wtf,available,58,7%,7,Mathematics,,,
adjustive.wtf,available,58,1%,9,"Manufacturing,Retail,Technology",,,
heptad.wtf,available,58,1%,6,Mathematics,,,
abused.wtf,available,58,5%,6,"Healthcare,Law",,,
lviii.wtf,available,56,1%,5,Mathematics,,,
abdominous.wtf,available,56,0%,10,"Health and Fitness,Medicine",,,
appressed.wtf,available,56,0%,9,"Agriculture,Manufacturing,Retail",,,
thirtytwo.wtf,available,56,5%,10,Mathematics,,,
fortynine.wtf,available,56,3%,10,Mathematics,,,
lvii.wtf,available,56,1%,4,Mathematics,,,
xliii.wtf,available,56,1%,5,Mathematics,,,
xxxiii.wtf,available,56,2%,6,Mathematics,,,
fortysix.wtf,available,56,3%,9,Mathematics,,,
potbellied.wtf,available,56,0%,10,"Health and Fitness,Medicine",,,
fiftysix.wtf,available,56,4%,9,Mathematics,,,
fiftytwo.wtf,available,56,6%,9,Mathematics,,,
aone.wtf,available,56,15%,5,Food and Beverage,,,
liii.wtf,available,56,4%,4,Mathematics,,,
xxix.wtf,available,56,4%,4,Mathematics,,,
admittible.wtf,available,56,1%,10,"Education,Healthcare,Hospitality",,,
xli.wtf,available,56,5%,3,Mathematics,,,
thirtysix.wtf,available,56,5%,10,Mathematics,,,
xxxiv.wtf,available,56,1%,5,Mathematics,,,
fortyone.wtf,available,56,4%,9,Mathematics,,,
admittable.wtf,available,56,1%,10,"Education,Healthcare,Hospitality",,,
xlvii.wtf,available,56,2%,5,Mathematics,,,
fiftyfive.wtf,available,56,7%,10,Mathematics,,,
admissive.wtf,available,56,1%,9,"Education,Healthcare,Hospitality",,,
fiftyone.wtf,available,56,7%,9,Mathematics,,,
halfdozen.wtf,available,56,1%,10,Mathematics,,,
xxxii.wtf,available,56,1%,5,Mathematics,,,
xxiii.wtf,available,56,5%,5,Mathematics,,,
xxxviii.wtf,available,56,1%,7,Mathematics,,,
xlii.wtf,available,56,5%,4,Mathematics,,,
xxxi.wtf,available,56,9%,4,Mathematics,,,
fortytwo.wtf,available,56,17%,9,Mathematics,,,
lii.wtf,available,56,7%,3,Mathematics,,,
abeyant.wtf,available,56,1%,7,"Business,Law",,,
ilx.wtf,available,56,5%,3,Mathematics,,,
xxxvii.wtf,available,56,2%,6,Mathematics,,,
xlv.wtf,available,56,6%,3,Mathematics,,,
xlvi.wtf,available,56,3%,4,Mathematics,,,
fiftynine.wtf,available,56,4%,10,Mathematics,,,
addled.wtf,available,56,2%,6,Entertainment,,,
xxviii.wtf,available,56,1%,6,Mathematics,,,
xxiv.wtf,available,56,5%,4,Mathematics,,,
thirtyone.wtf,available,56,5%,10,Mathematics,,,
xxxvi.wtf,available,56,1%,5,Mathematics,,,
xxxv.wtf,available,56,4%,4,Mathematics,,,
xxvii.wtf,available,56,3%,5,Mathematics,,,
xliv.wtf,available,56,2%,4,Mathematics,,,
fiftyfour.wtf,available,56,3%,10,Mathematics,,,
accoutered.wtf,available,56,0%,10,"Fashion,Manufacturing,Retail",,,
xlviii.wtf,available,56,1%,6,Mathematics,,,
terzetto.wtf,available,56,3%,8,Arts,,,
maledict.wtf,available,56,1%,8,Religion,,,
lvi.wtf,available,56,8%,3,Mathematics,,,
admonitory.wtf,available,54,0%,10,"Business,Education,Healthcare",,,
quadruplet.wtf,available,54,1%,10,"Healthcare,Medicine,Science",,,
quatern.wtf,available,54,2%,7,Mathematics,,,
monitory.wtf,available,54,3%,8,"Business,Education,Healthcare",,,
vii.wtf,available,54,13%,3,Mathematics,,,
abhorrent.wtf,available,54,1%,9,Humanities,,,
threescore.wtf,available,54,1%,10,Mathematics,,,
accentual.wtf,available,54,3%,9,"Arts,Entertainment",,,
accursed.wtf,available,54,3%,8,"Entertainment,Media,Religion",,,
adaxial.wtf,available,54,2%,7,Science,,,
quaternity.wtf,available,54,4%,10,Mathematics,,,
fin.wtf,available,54,30%,3,Finance,,,
unnatural.wtf,available,54,4%,9,"Medicine,Science",,,
abducens.wtf,available,54,1%,8,Medicine,,,
viii.wtf,available,54,6%,4,Mathematics,,,
adpressed.wtf,available,54,0%,9,"Agriculture,Manufacturing,Retail",,,
iii.wtf,available,54,24%,3,Mathematics,,,
adducent.wtf,available,54,1%,8,"Engineering,Mathematics,Science",,,
quaternion.wtf,available,54,6%,10,Mathematics,,,
adjuratory.wtf,available,54,0%,10,"Law,Politics,Religion",,,
acoustical.wtf,available,54,4%,10,Science,,,
abaxial.wtf,available,54,1%,7,Science,,,
aboral.wtf,available,54,2%,6,Science,,,
topnotch.wtf,available,54,18%,8,Business,,,
ternion.wtf,available,54,3%,7,Mathematics,,,
deuceace.wtf,available,54,2%,9,Sports,,,
deserted.wtf,available,54,3%,8,"Hospitality,Real Estate",,,
twoscore.wtf,available,54,2%,8,Mathematics,,,
abient.wtf,available,54,1%,6,Science,,,
sise.wtf,available,54,5%,4,Mathematics,,,
adductive.wtf,available,54,0%,9,"Engineering,Mathematics,Science",,,
scratchy.wtf,available,54,3%,8,Fashion,,,
fortyfive.wtf,available,54,4%,10,Mathematics,,,
abatic.wtf,available,54,1%,6,Science,,,
abasic.wtf,available,54,1%,6,Science,,,
abatable.wtf,available,54,1%,8,Law,,,
achromatic.wtf,available,54,4%,10,Science,,,
adducting.wtf,available,54,1%,9,"Engineering,Mathematics,Science",,,
achy.wtf,available,54,3%,4,Healthcare,,,
actuated.wtf,available,54,2%,8,"Automotive,Manufacturing,Technology",,,
quintuplet.wtf,available,54,1%,10,"Healthcare,Medicine,Science",,,
sestet.wtf,available,53,1%,6,Arts,,,
septet.wtf,available,53,1%,6,General,,,
lxxiii.wtf,available,52,1%,6,Mathematics,,,
ninetytwo.wtf,available,52,4%,10,Mathematics,,,
decumbent.wtf,available,52,1%,9,"Healthcare,Medicine,Science",,,
lxi.wtf,available,52,5%,3,Mathematics,,,
sixtysix.wtf,available,52,4%,9,Mathematics,,,
abysmal.wtf,available,52,4%,7,"Arts,Entertainment,Media",,,
chagrined.wtf,available,52,1%,9,Humanities,,,
lxxv.wtf,available,52,1%,4,Mathematics,,,
xcvi.wtf,available,52,2%,4,Mathematics,,,
sixtytwo.wtf,available,52,3%,9,Mathematics,,,
lxviii.wtf,available,52,1%,6,Mathematics,,,
ixl.wtf,available,52,9%,3,Mathematics,,,
xciv.wtf,available,52,2%,4,Mathematics,,,
lxxxvi.wtf,available,52,1%,6,Mathematics,,,
uphill.wtf,available,52,7%,6,"Sports,Transportation,Travel",,,
sixtyfive.wtf,available,52,3%,10,Mathematics,,,
odious.wtf,available,52,2%,6,"Entertainment,Humanities",,,
xciii.wtf,available,52,1%,5,Mathematics,,,
lxxi.wtf,available,52,1%,4,Mathematics,,,
lxiii.wtf,available,52,2%,5,Mathematics,,,
eightytwo.wtf,available,52,4%,10,Mathematics,,,
lxxiv.wtf,available,52,1%,5,Mathematics,,,
ablated.wtf,available,52,1%,7,Science,,,
abominable.wtf,available,52,2%,10,"Entertainment,Humanities",,,
ninetyone.wtf,available,52,5%,10,Mathematics,,,
lxxxiv.wtf,available,52,1%,6,Mathematics,,,
repugnant.wtf,available,52,1%,9,Humanities,,,
tierce.wtf,available,52,3%,6,General,,,
ixc.wtf,available,52,5%,3,Mathematics,,,
lxvii.wtf,available,52,1%,5,Mathematics,,,
lxxxiii.wtf,available,52,1%,7,Mathematics,,,
lxxxii.wtf,available,52,1%,6,Mathematics,,,
xcviii.wtf,available,52,1%,6,Mathematics,,,
sixtyfour.wtf,available,52,3%,10,Mathematics,,,
xci.wtf,available,52,4%,3,Mathematics,,,
lxxvi.wtf,available,52,1%,5,Mathematics,,,
aboulic.wtf,available,52,1%,7,Medicine,,,
lxxxi.wtf,available,52,1%,5,Mathematics,,,
ninetysix.wtf,available,52,4%,10,Mathematics,,,
xcvii.wtf,available,52,1%,5,Mathematics,,,
adenoidal.wtf,available,52,1%,9,"Health and Fitness,Medicine,Science",,,
lxxxvii.wtf,available,52,1%,7,Mathematics,,,
eightyone.wtf,available,52,3%,10,Mathematics,,,
lxv.wtf,available,52,5%,3,Mathematics,,,
xcii.wtf,available,52,2%,4,Mathematics,,,
littlejoe.wtf,available,52,2%,10,"Entertainment,Media",,,
lxii.wtf,available,52,1%,4,Mathematics,,,
abusive.wtf,available,52,3%,7,"Healthcare,Law",,,
repulsive.wtf,available,52,1%,9,Humanities,,,
lxiv.wtf,available,52,3%,4,Mathematics,,,
detestable.wtf,available,52,1%,10,Humanities,,,
lxxvii.wtf,available,52,2%,6,Mathematics,,,
abstruse.wtf,available,52,5%,8,"Humanities,Mathematics,Science",,,
lxxxv.wtf,available,52,1%,5,Mathematics,,,
lxvi.wtf,available,52,3%,4,Mathematics,,,
lxxii.wtf,available,52,1%,5,Mathematics,,,
gillless.wtf,available,50,0%,9,Science,,,
acetose.wtf,available,50,1%,7,Science,,,
acaudal.wtf,available,50,1%,7,"Agriculture,Science",,,
abomasal.wtf,available,50,0%,8,Agriculture,,,
lxx.wtf,available,50,5%,3,Mathematics,,,
ogdoad.wtf,available,50,1%,6,Mathematics,,,
acellular.wtf,available,50,1%,9,Science,,,
acerb.wtf,available,50,2%,5,Science,,,
broached.wtf,available,50,0%,8,Food and Beverage,,,
acquitted.wtf,available,50,1%,9,Law,,,
cinque.wtf,available,50,7%,6,Mathematics,,,
trine.wtf,available,50,11%,5,"General,Religion",,,
abbatial.wtf,available,50,0%,8,Religion,,,
abducting.wtf,available,50,0%,9,Medicine,,,
vinegary.wtf,available,50,1%,8,Food and Beverage,,,
abdicable.wtf,available,50,0%,9,Law,,,
acerose.wtf,available,50,1%,7,Science,,,
triplet.wtf,available,50,8%,7,Science,,,
adhominem.wtf,available,50,2%,10,"Humanities,Law,Politics",,,
abactinal.wtf,available,50,0%,9,Science,,,
abranchial.wtf,available,50,0%,10,Science,,,
spinous.wtf,available,50,1%,7,"Agriculture,Science",,,
aborticide.wtf,available,50,0%,10,Medicine,,,
acapnic.wtf,available,50,0%,7,"Healthcare,Medicine,Science",,,
acetous.wtf,available,50,1%,7,Science,,,
scummy.wtf,available,50,1%,6,Humanities,,,
quint.wtf,available,50,13%,5,"Arts,Entertainment",,,
acapnotic.wtf,available,50,0%,9,"Healthcare,Medicine,Science",,,
aculeated.wtf,available,50,0%,9,"Engineering,Medicine,Science",,,
acerbic.wtf,available,50,2%,7,"Arts,Humanities,Media",,,
adactylous.wtf,available,50,0%,10,Science,,,
needlelike.wtf,available,50,0%,10,"Engineering,Medicine,Science",,,
abstracted.wtf,available,48,5%,10,"Arts,Humanities,Science",,,
apriori.wtf,available,48,13%,8,Mathematics,,,
ilxxx.wtf,available,48,1%,5,Mathematics,,,
execrable.wtf,available,48,0%,9,"Entertainment,Humanities",,,
lxxxviii.wtf,available,48,1%,8,Mathematics,,,
ilxx.wtf,available,48,1%,4,Mathematics,,,
notguilty.wtf,available,48,5%,10,Law,,,
acheronian.wtf,available,46,1%,10,Humanities,,,
theabsurd.wtf,available,46,1%,10,"Arts,Entertainment,Media",,,
acephalous.wtf,available,46,1%,10,Science,,,
acanthotic.wtf,available,46,0%,10,"Agriculture,Science",,,
stripling.wtf,available,46,2%,9,"Education,Entertainment,Healthcare",,,
acetylic.wtf,available,46,1%,8,Science,,,
acanthous.wtf,available,46,0%,9,"Agriculture,Science",,,
acarpous.wtf,available,46,0%,8,"Agriculture,Science",,,
stemless.wtf,available,46,2%,8,"Agriculture,Science",,,
acetabular.wtf,available,46,1%,10,Science,,,
acarpelous.wtf,available,46,0%,10,"Agriculture,Science",,,
acanthoid.wtf,available,46,1%,9,"Agriculture,Science",,,
acapnial.wtf,available,46,0%,8,"Healthcare,Medicine,Science",,,
vinegarish.wtf,available,46,1%,10,Food and Beverage,,,
achenial.wtf,available,46,1%,8,Science,,,
acaudate.wtf,available,46,1%,8,"Agriculture,Science",,,
cotyloid.wtf,available,46,1%,8,Science,,,
achromic.wtf,available,46,2%,8,Science,,,
acetonic.wtf,available,46,1%,8,Science,,,
acetylenic.wtf,available,46,1%,10,Science,,,
acicular.wtf,available,46,2%,8,Science,,,
achromous.wtf,available,46,1%,9,Science,,,
quaternary.wtf,available,46,3%,10,Mathematics,,,
accusatory.wtf,available,44,1%,10,Law,,,
cotyloidal.wtf,available,44,1%,10,Science,,,
acherontic.wtf,available,44,1%,10,Humanities,,,
phoebe.wtf,available,41,14%,6,Science,,,
abscessed.wtf,available,41,0%,9,Healthcare,,,
accurst.wtf,available,40,1%,7,Religion,,,
accusive.wtf,available,40,1%,8,Law,,,
scurrilous.wtf,available,40,1%,10,"Entertainment,Media,Politics",,,